Surge,Sway
0.0820388272405,-0.0748454704881
29.6851100922,20.2305335999
23.7393627167,28.5794830322
54.6059150696,50.6707572937
