Surge,Sway
-9.89671712637e-12,-9.92771004293e-11
45.9122886658,29.129442215
28.5953140259,39.12342453
75.129486084,70.9067459106
