Static,Wind,Wave,Current,All
-1.60E-13,45.82680893,,24.05733681,70.29203033
4.19E-13,46.11492538,,49.7803421,96.60723877
0,0,0.006859807,0,0.006856185
