Offset,Stroke
0,0.0
2,-1.28472315801
4,-5.08549925569
6,-11.2794653162
8,-19.7524281291
